{"ASAPPO": {"CSR": 0.14, "ISR": 0.7216666666666667, "makespan": 31.16, "FPS": 61.264592851184524}, "APPO": {"CSR": 0.08, "ISR": 0.7049999999999998, "makespan": 31.62, "FPS": 64.00432068691734}}